{"cameraMode":{"drawMode":0,"name":"Shaded","section":"Shading Mode"},"sceneLighting":false,"audioPlay":false,"sceneViewState":{"showFog":true,"showMaterialUpdate":true,"showSkybox":false,"showFlares":true,"showImageEffects":true,"showParticleSystems":true},"in2DMode":false,"pivot":{"x":2.8226242065429689,"y":-1.9704722166061402,"z":-0.13886338472366334},"rotation":{"x":0.15280236303806306,"y":0.8553473949432373,"z":-0.35443004965782168,"w":0.3471037447452545},"size":11.39212417602539,"orthographic":false}