{"cameraMode":{"drawMode":0,"name":"Shaded","section":"Shading Mode"},"sceneLighting":false,"audioPlay":false,"sceneViewState":{"showFog":true,"showMaterialUpdate":true,"showSkybox":false,"showFlares":true,"showImageEffects":true,"showParticleSystems":true},"in2DMode":false,"pivot":{"x":1.5708396434783936,"y":-1.9011343717575074,"z":-2.450561046600342},"rotation":{"x":0.005027377046644688,"y":0.9980064630508423,"z":-0.06609747558832169,"w":-0.023246189579367639},"size":0.9631548523902893,"orthographic":false}