{"cameraMode":{"drawMode":0,"name":"Shaded","section":"Shading Mode"},"sceneLighting":false,"audioPlay":false,"sceneViewState":{"showFog":true,"showMaterialUpdate":true,"showSkybox":false,"showFlares":true,"showImageEffects":true,"showParticleSystems":true},"in2DMode":false,"pivot":{"x":-5.878541469573975,"y":-4.395177841186523,"z":2.215846538543701},"rotation":{"x":0.12601791322231294,"y":-0.7690184712409973,"z":0.17362923920154572,"w":0.603024959564209},"size":4.082942485809326,"orthographic":false}