{"cameraMode":{"drawMode":0,"name":"Shaded","section":"Shading Mode"},"sceneLighting":false,"audioPlay":false,"sceneViewState":{"showFog":true,"showMaterialUpdate":true,"showSkybox":false,"showFlares":true,"showImageEffects":true,"showParticleSystems":true},"in2DMode":false,"pivot":{"x":10.026036262512207,"y":-8.058412551879883,"z":-1.4531642198562623},"rotation":{"x":-0.25426381826400759,"y":-0.47002482414245608,"z":0.13928693532943726,"w":-0.8342076539993286},"size":9.517532348632813,"orthographic":false}