{"cameraMode":{"drawMode":0,"name":"Shaded","section":"Shading Mode"},"sceneLighting":false,"audioPlay":false,"sceneViewState":{"showFog":true,"showMaterialUpdate":true,"showSkybox":false,"showFlares":true,"showImageEffects":true,"showParticleSystems":true},"in2DMode":false,"pivot":{"x":7.860000133514404,"y":2.3299999237060549,"z":0.09136199951171875},"rotation":{"x":-0.0132704833522439,"y":0.9832211136817932,"z":-0.12357041239738465,"w":-0.1368386447429657},"size":1.7783832550048829,"orthographic":false}