{"cameraMode":{"drawMode":0,"name":"Shaded","section":"Shading Mode"},"sceneLighting":false,"audioPlay":false,"sceneViewState":{"showFog":true,"showMaterialUpdate":true,"showSkybox":false,"showFlares":true,"showImageEffects":true,"showParticleSystems":true},"in2DMode":false,"pivot":{"x":-3.212221145629883,"y":2.761524200439453,"z":-21.077604293823243},"rotation":{"x":0.08050651103258133,"y":0.9191660284996033,"z":-0.21913541853427888,"w":0.31863245368003847},"size":12.808773040771485,"orthographic":false}