{"cameraMode":{"drawMode":0,"name":"Shaded","section":"Shading Mode"},"sceneLighting":false,"audioPlay":false,"sceneViewState":{"showFog":true,"showMaterialUpdate":true,"showSkybox":false,"showFlares":true,"showImageEffects":true,"showParticleSystems":true},"in2DMode":false,"pivot":{"x":0.19523629546165467,"y":-2.5850467681884767,"z":-0.8124806880950928},"rotation":{"x":-0.13695740699768067,"y":0.8543789982795715,"z":-0.40161004662513735,"w":-0.3014659583568573},"size":6.435306072235107,"orthographic":false}