{"cameraMode":{"drawMode":0,"name":"Shaded","section":"Shading Mode"},"sceneLighting":false,"audioPlay":false,"sceneViewState":{"showFog":true,"showMaterialUpdate":false,"showSkybox":false,"showFlares":true,"showImageEffects":true,"showParticleSystems":true},"in2DMode":false,"pivot":{"x":9.072957992553711,"y":-23.99199867248535,"z":-22.88922882080078},"rotation":{"x":-0.044200439006090167,"y":-0.9371055960655212,"z":0.3228125274181366,"w":-0.12701813876628877},"size":18.76987075805664,"orthographic":false}