{"cameraMode":{"drawMode":0,"name":"Shaded","section":"Shading Mode"},"sceneLighting":false,"audioPlay":false,"sceneViewState":{"showFog":true,"showMaterialUpdate":false,"showSkybox":true,"showFlares":true,"showImageEffects":true,"showParticleSystems":true},"in2DMode":false,"pivot":{"x":-11.000517845153809,"y":-2.4312775135040285,"z":-3.717259407043457},"rotation":{"x":-0.04867089167237282,"y":0.8907384276390076,"z":-0.09819244593381882,"w":-0.44119763374328616},"size":6.437722682952881,"orthographic":false}