{"cameraMode":{"drawMode":0,"name":"Shaded","section":"Shading Mode"},"sceneLighting":true,"audioPlay":false,"sceneViewState":{"showFog":true,"showMaterialUpdate":false,"showSkybox":false,"showFlares":true,"showImageEffects":true,"showParticleSystems":true},"in2DMode":false,"pivot":{"x":-1.7898995876312256,"y":-1.5107285976409913,"z":-0.5387153625488281},"rotation":{"x":-0.03371968865394592,"y":0.830314576625824,"z":-0.04996243119239807,"w":-0.5542088150978088},"size":0.06929326802492142,"orthographic":false}