{"cameraMode":{"drawMode":0,"name":"Shaded","section":"Shading Mode"},"sceneLighting":true,"audioPlay":false,"sceneViewState":{"showFog":true,"showMaterialUpdate":false,"showSkybox":true,"showFlares":true,"showImageEffects":true,"showParticleSystems":true},"in2DMode":false,"pivot":{"x":-3.8767447471618654,"y":4.55889892578125,"z":7.676090240478516},"rotation":{"x":-0.10029645264148712,"y":-0.8934385776519775,"z":0.3603818714618683,"w":-0.24871069192886353},"size":1.0263183116912842,"orthographic":false}